{
  "edges": [
    {
      "mol_a": "4gih_blocker",
      "mol_b": "atoms 29 bonds 31_9997",
      "core": [
        [
          17,
          9
        ],
        [
          18,
          10
        ],
        [
          16,
          11
        ],
        [
          14,
          12
        ],
        [
          15,
          13
        ],
        [
          10,
          14
        ],
        [
          11,
          15
        ],
        [
          12,
          16
        ],
        [
          13,
          17
        ],
        [
          27,
          18
        ],
        [
          9,
          19
        ],
        [
          7,
          20
        ],
        [
          8,
          21
        ],
        [
          3,
          22
        ],
        [
          2,
          23
        ],
        [
          1,
          24
        ],
        [
          0,
          25
        ],
        [
          5,
          26
        ],
        [
          4,
          27
        ],
        [
          25,
          28
        ],
        [
          30,
          38
        ],
        [
          29,
          39
        ],
        [
          28,
          40
        ],
        [
          26,
          41
        ],
        [
          22,
          42
        ],
        [
          24,
          43
        ],
        [
          23,
          44
        ],
        [
          6,
          45
        ]
      ],
      "vacuum_pred_ddg": 154.87004894709986,
      "vacuum_pred_ddg_err": 0.5083776966453554,
      "vacuum_windows": 24,
      "vacuum_min_overlap": 0.19919363322640868,
      "solvent_pred_ddg": 155.5942491249965,
      "solvent_pred_ddg_err": 0.5985049306152831,
      "solvent_windows": 24,
      "solvent_min_overlap": 0.1365970191138489,
      "complex_pred_ddg": 184.06056558068911,
      "complex_pred_ddg_err": 0.689775462392896,
      "complex_windows": 24,
      "complex_min_overlap": 0.08965224396995651
    },
    {
      "mol_a": "4gih_blocker",
      "mol_b": "atoms 25 bonds 26_9998",
      "core": [
        [
          17,
          4
        ],
        [
          18,
          5
        ],
        [
          16,
          6
        ],
        [
          14,
          7
        ],
        [
          15,
          8
        ],
        [
          10,
          9
        ],
        [
          11,
          10
        ],
        [
          12,
          11
        ],
        [
          13,
          12
        ],
        [
          9,
          13
        ],
        [
          7,
          14
        ],
        [
          8,
          15
        ],
        [
          3,
          16
        ],
        [
          4,
          17
        ],
        [
          5,
          18
        ],
        [
          0,
          19
        ],
        [
          1,
          20
        ],
        [
          2,
          21
        ],
        [
          22,
          22
        ],
        [
          24,
          24
        ],
        [
          30,
          33
        ],
        [
          29,
          34
        ],
        [
          27,
          35
        ],
        [
          28,
          36
        ],
        [
          26,
          37
        ],
        [
          6,
          38
        ],
        [
          25,
          39
        ],
        [
          23,
          40
        ]
      ],
      "vacuum_pred_ddg": 115.66242647309235,
      "vacuum_pred_ddg_err": 0.3439414183952429,
      "vacuum_windows": 20,
      "vacuum_min_overlap": 0.330755476168409,
      "solvent_pred_ddg": 117.63911946591094,
      "solvent_pred_ddg_err": 0.4291804410726611,
      "solvent_windows": 24,
      "solvent_min_overlap": 0.19089547451118868,
      "complex_pred_ddg": 138.1579290692591,
      "complex_pred_ddg_err": 0.4800677011924159,
      "complex_windows": 24,
      "complex_min_overlap": 0.16214558905110732
    },
    {
      "mol_a": "4gih_blocker",
      "mol_b": "atoms 27 bonds 29_9999",
      "core": [
        [
          1,
          0
        ],
        [
          2,
          1
        ],
        [
          3,
          2
        ],
        [
          4,
          3
        ],
        [
          5,
          4
        ],
        [
          0,
          5
        ],
        [
          25,
          6
        ],
        [
          6,
          7
        ],
        [
          7,
          8
        ],
        [
          8,
          9
        ],
        [
          9,
          10
        ],
        [
          10,
          11
        ],
        [
          15,
          12
        ],
        [
          14,
          13
        ],
        [
          13,
          14
        ],
        [
          12,
          15
        ],
        [
          11,
          16
        ],
        [
          27,
          17
        ],
        [
          16,
          18
        ],
        [
          24,
          27
        ],
        [
          22,
          28
        ],
        [
          23,
          29
        ],
        [
          26,
          30
        ],
        [
          29,
          31
        ],
        [
          28,
          32
        ],
        [
          30,
          33
        ]
      ],
      "vacuum_pred_ddg": 161.48532308114548,
      "vacuum_pred_ddg_err": 0.3719251100915489,
      "vacuum_windows": 24,
      "vacuum_min_overlap": 0.31405218301812526,
      "solvent_pred_ddg": 159.67122408883154,
      "solvent_pred_ddg_err": 0.5816207511856183,
      "solvent_windows": 24,
      "solvent_min_overlap": 0.11255388833409097,
      "complex_pred_ddg": 184.59586683874278,
      "complex_pred_ddg_err": 0.7378183511441647,
      "complex_windows": 24,
      "complex_min_overlap": 0.05155554811853125
    }
  ],
  "md_params": {
    "n_frames": 2000,
    "n_eq_steps": 200000,
    "steps_per_frame": 400,
    "seed": 2023,
    "local_steps": 0,
    "k": 1000.0,
    "min_radius": 1.0,
    "max_radius": 3.0,
    "freeze_reference": true,
    "hrex_params": {
      "n_frames_bisection": 100,
      "n_frames_per_iter": 1
    },
    "water_sampling_params": {
      "interval": 400,
      "n_proposals": 1000,
      "batch_size": 250,
      "radius": 1.0
    }
  },
  "max_windows": 24,
  "min_overlap": 0.333
}